Workbook

Sheet Start
A1: PyroApp Example 02 — DAT Inspection and Editing (Al-Ca-O)
A2: Browse an open DAT, read compound/constituent parameters, inspect interactions and use a gated SET operation.
A4: Before you calculate
A5: 1. Install/load PyroApp in desktop Excel.
A6: 2. Download Al-Ca-O_var.dat and place it beside this workbook.
A7: 3. Blue cells are inputs; black cells are formulas; purple cells are controls.
A8: 4. The workbooks use literal text "" in unused CA_CALCULATE header cells (no leading equals sign).
A10: Datafile | B10: Al-Ca-O_var.dat
A11: Download DAT | B11: Al-Ca-O_var.dat
A12: Docs | B12: PyroApp documentation
A14: PyroApp status | B14: =IFERROR(XLL_CA_VERSION(),"PyroApp not loaded")

Sheet Browse
A1: Browse an open DAT
A4: Components | C4: Solutions | E4: Compounds | G4: Phases
A5: =XLL_CA_LIST_COMPONENTS(Start!$B$10) | C5: =XLL_CA_LIST_SOLUTIONS(Start!$B$10) | E5: =XLL_CA_LIST_COMPOUNDS(Start!$B$10) | G5: =XLL_CA_LIST_PHASES(Start!$B$10)
A30: Inspect Slag-liq
A32: Constituents | B32: =XLL_CA_LIST_CONSTITUENTS(Start!$B$10,"Slag-liq") | D32: Species | E32: =XLL_CA_LIST_SPECIES(Start!$B$10,"Slag-liq") | G32: G interactions | H32: =XLL_CA_LIST_INTERACTIONS_G(Start!$B$10,"Slag-liq")

Sheet Compound data
A1: Compound parameter lookups
A4: Phase | B4: CaO(s)
A6: H298 | B6: =XLL_CA_GET_COMPOUND_H298(Start!$B$10,$B$4)
A7: S298 | B7: =XLL_CA_GET_COMPOUND_S298(Start!$B$10,$B$4)
A8: Molar mass | B8: =XLL_CA_GET_COMPOUND_WEIGHTS(Start!$B$10,$B$4)
A9: Stoichiometry | B9: =XLL_CA_GET_COMPOUND_STOICHIOMETRY(Start!$B$10,$B$4)
A10: Range count | B10: =XLL_CA_GET_COMPOUND_RANGE_COUNT(Start!$B$10,$B$4)
A11: Range 1 Tupper | B11: =XLL_CA_GET_COMPOUND_TUPPER(Start!$B$10,$B$4,1)
A12: Range 1 coefficient 1 | B12: =XLL_CA_GET_COMPOUND_CP(Start!$B$10,$B$4,1,1)

Sheet Constituent data
A1: Solution-constituent parameter lookups
A4: Phase | B4: Slag-liq
A5: Constituent | B5: CaO
A7: H298 | B7: =XLL_CA_GET_CONSTITUENT_H298(Start!$B$10,$B$4,$B$5)
A8: S298 | B8: =XLL_CA_GET_CONSTITUENT_S298(Start!$B$10,$B$4,$B$5)
A9: Molar mass | B9: =XLL_CA_GET_CONSTITUENT_WEIGHTS(Start!$B$10,$B$4,$B$5)
A10: Stoichiometry | B10: =XLL_CA_GET_CONSTITUENT_STOICHIOMETRY(Start!$B$10,$B$4,$B$5)
A11: Range count | B11: =XLL_CA_GET_CONSTITUENT_RANGE_COUNT(Start!$B$10,$B$4,$B$5)
A12: Range 1 Tupper | B12: =XLL_CA_GET_CONSTITUENT_TUPPER(Start!$B$10,$B$4,$B$5,1)
A13: Range 1 coefficient 1 | B13: =XLL_CA_GET_CONSTITUENT_CP(Start!$B$10,$B$4,$B$5,1,1)

Sheet Interactions
A1: Excess Gibbs-energy interactions
A4: Phase | B4: Slag-liq
A6: Interaction list | B6: =XLL_CA_LIST_INTERACTIONS_G(Start!$B$10,$B$4)
A22: Read the first interaction
A24: Interaction | B24: =B6
A25: Index | B25: =XLL_CA_GET_INTERACTION_INDICES(Start!$B$10,$B$4,$B$24)
B28: constant | C28: T | D28: T ln(T) | E28: T^2 | F28: T^3 | G28: 1/T
B29: =XLL_CA_GET_INTERACTION_PARAMETERS_G(Start!$B$10,$B$4,$B$24,0)

Sheet Safe edit
A1: Gated SET example
A4: SET modifies the DAT file. Leave Enable SET = FALSE until you intentionally want to write the Proposed value. Keep an untouched reference DAT.
A8: Phase | B8: Slag-liq
A9: Interaction | B9: =Interactions!B24
A10: Value index | B10: 1
A11: Current value | B11: =XLL_CA_GET_INTERACTION_PARAMETERS_G(Start!$B$10,$B$8,$B$9,$B$10,$B$13)
A12: Proposed value | B12: =B11
A13: Update token | B13: 0
A14: Enable SET | B14: FALSE
A16: SET result | B16: =IF($B$14,XLL_CA_SET_INTERACTION_PARAMETERS_G(Start!$B$10,$B$8,$B$9,$B$10,$B$12,$B$13),"Disabled")
A19: Typical use: read Current value, replace Proposed value with a number, enable SET, increment Update token, then disable SET and recalculate dependent calculations.
