Workbook

Sheet Start
A1: PyroApp Example 03 — Optimization Workflows (Ca-Zn-O)
A2: Synthetic regression helpers plus a deliberately gated live Ca-Zn-O derivative-matrix workflow.
A4: Before you calculate
A5: 1. Install/load PyroApp in desktop Excel.
A6: 2. Download Ca-Zn-O_optimization_working.dat and place it beside this workbook.
A7: 3. Blue cells are inputs; black cells are formulas; purple cells are controls.
A8: 4. The workbooks use literal text "" in unused CA_CALCULATE header cells (no leading equals sign).
A10: Datafile | B10: Ca-Zn-O_optimization_working.dat
A11: Download DAT | B11: Ca-Zn-O_optimization_working.dat
A12: Docs | B12: PyroApp documentation
A14: PyroApp status | B14: =IFERROR(_xll.XLL_CA_VERSION(),"PyroApp not loaded") -> 714
A16: Baseline DAT | B16: Ca-Zn-O.dat
A17: Write safety | B17: The live sheets use only the separately named working DAT. Enable DAT writes remains FALSE in the saved workbook.

Sheet Synthetic regression
A1: Synthetic linear-regression example
A2: Illustrative numbers isolate the optimization mathematics; they are not experimental thermodynamic data.
A5: Category | B5: Residual | C5: Weight | D5: Use? | E5: dT/dx
A6: liquidus | B6: 25 | C6: 1 | D6: TRUE | E6: 1
A7: liquidus | B7: -15 | C7: 1 | D7: TRUE | E7: 1
A8: invariant | B8: 8 | C8: 2 | D8: TRUE | E8: 1
A9: invariant | B9: -6 | C9: 2 | D9: TRUE | E9: 1
A10: mixing | B10: 120 | C10: 0.05 | D10: TRUE | E10: 1
A11: mixing | B11: -80 | C11: 0.05 | D11: TRUE | E11: 1
A14: Derivative matrix A = d(current)/d(parameter)
B15: p1 | C15: p2 | D15: p3
B16: 0.8 | C16: 0.1 | D16: 0
B17: 1 | C17: -0.1 | D17: 0.1
B18: 0.2 | C18: 0.6 | D18: -0.1
B19: 0.1 | C19: 0.8 | D19: 0.2
B20: 3 | C20: 0.5 | D20: 1.4
B21: -2 | C21: 0.4 | D21: 1
B23: Free mask | C23: TRUE | D23: TRUE | E23: FALSE
B24: Fixed values | C24: 0 | D24: 0 | E24: 0
B26: Proposed Δp | C26: {=_xll.XLL_LINEAR_REGRESSION($B$16:$D$21,$B$6:$B$11,$C$6:$C$11,$C$23:$E$23,$C$24:$E$24)} -> 13.836652 | D26: -0.16770927 | E26: 0
B28: Best 2-parameter mask | C28: {=_xll.XLL_BEST_COMBINATION($B$16:$D$21,$B$6:$B$11,$C$6:$C$11,$C$23:$E$23,$C$24:$E$24,2)} -> 1 | D28: 1 | E28: 0
A33: =B6-SUMPRODUCT(B16:D16,$C$26:$E$26) -> 13.947449 | C33: {=_xll.XLL_PD_ERROR_TABLE($A$6:$A$11,$B$6:$B$11,$A$33:$A$38,$D$6:$D$11,$E$6:$E$11)} | D33: COUNT | E33: MEAN | F33: MEAN | G33: RMS | H33: RMS | I33: MIN | J33: MIN | K33: MAX | L33: MAX | M33: MEAN | N33: RMS(x) | O33: RMS(x)
A34: =B7-SUMPRODUCT(B17:D17,$C$26:$E$26) -> -28.853423 | C34: phase | D34: initial | E34: initial | F34: predicted | G34: initial | H34: predicted | I34: initial | J34: predicted | K34: initial | L34: predicted | M34: dT/dx | N34: initial | O34: predicted
A35: =B8-SUMPRODUCT(B18:D18,$C$26:$E$26) -> 5.3332951 | C35: invariant | D35: 2 | E35: 1 | F35: -0.95810138 | G35: 7.0710678 | H35: 6.3639318 | I35: -6 | J35: -7.2494978 | K35: 8 | L35: 5.3332951 | M35: 1 | N35: 7.0710678 | O35: 6.3639318
A36: =B9-SUMPRODUCT(B19:D19,$C$26:$E$26) -> -7.2494978 | C36: liquidus | D36: 2 | E36: 5 | F36: -7.4529872 | G36: 20.615528 | H36: 22.661105 | I36: -15 | J36: -28.853423 | K36: 25 | L36: 13.947449 | M36: 1 | N36: 20.615528 | O36: 22.661105
A37: =B10-SUMPRODUCT(B20:D20,$C$26:$E$26) -> 78.573897 | C37: mixing | D37: 2 | E37: 20 | F37: 13.157143 | G37: 101.98039 | H37: 66.726772 | I37: -80 | J37: -52.259611 | K37: 120 | L37: 78.573897 | M37: 1 | N37: 101.98039 | O37: 66.726772
A38: =B11-SUMPRODUCT(B21:D21,$C$26:$E$26) -> -52.259611 | C38: Total | D38: 6 | E38: 8.6666667 | F38: 1.5820181 | G38: 60.207973 | H38: 40.851305 | I38: -80 | J38: -52.259611 | K38: 120 | L38: 78.573897 | M38: 1 | N38: 60.207973 | O38: 40.851305
A41: Convention: residual = target - current; A = d(current)/d(parameter); solve A Δp ≈ residual. Recalculate the nonlinear model after a user-reviewed, damped step.

Sheet Derivative matrix setup
A1: Parameter range | B1: Parameters!$B$8:$B$9 | D1: Live derivative-matrix setup
A2: Residual/output range | B2: Live targets!$J$8:$J$12 | D2: Run PyroApp → Calculation → Calculate derivative matrix while this sheet is active. B1:B6 are reserved for the command. Set Enable DAT writes to TRUE only after confirming the disposable working DAT.
A3: Trigger cell | B3: Parameters!$B$12
A4: Derivative output top-left | B4: $D$8
A5: Step(s) | B5: Parameters!$B$10:$B$11
A6: Parameter mask | B6: Parameters!$B$13:$B$14
C7: Target | D7: Parameter 1 | E7: Parameter 2
C8: Target 1
C9: Target 2
C10: Target 3
C11: Target 4
C12: Target 5
A15: The command perturbs numeric parameter cells, changes the trigger once per state, waits for gated SET/calculation dependencies, writes derivative columns, then restores the original parameter vector. With Enable DAT writes = FALSE, it cannot alter the DAT.

Sheet Parameters
A1: Ca-Zn-O working-DAT parameter block
A2: The interaction identity and initial values below come from the current Ca-Zn-O working DAT through the installed XLL.
A4: Phase | B4: Slag-liq | D4: Coefficient order
A5: Interaction identity (first listed) | B5: {=_xll.XLL_CA_LIST_INTERACTIONS_G(Start!$B$10,$B$4)} -> (Ca)^[0]-(Zn)^[0]: (O) (Quasichemical) | D5: constant, T, T ln(T), T², T³, 1/T
B6: (Ca)^[0]-(Zn)^[1]: (O) (Quasichemical)
A8: Parameter 1 constant | B8: -26652.08
A9: Parameter 2 T | B9: 0
A10: Step p1 | B10: 100
A11: Step p2 | B11: 0.1
A12: Trigger | B12: 0
A13: Use p1? | B13: TRUE
A14: Use p2? | B14: TRUE
A15: Enable DAT writes | B15: FALSE
A17: Current p1 (DAT read) | B17: {=_xll.XLL_CA_GET_INTERACTION_PARAMETERS_G(Start!$B$10,$B$4,$B$5,1)} -> -26652.08
A18: Current p2 (DAT read) | B18: {=_xll.XLL_CA_GET_INTERACTION_PARAMETERS_G(Start!$B$10,$B$4,$B$5,2)} -> 0
A20: Write p1 | B20: =IF($B$15,_xll.XLL_CA_SET_INTERACTION_PARAMETERS_G(Start!$B$10,$B$4,$B$5,$B$8,1,$B$12),"Disabled") -> Disabled
A21: Write p2 | B21: =IF($B$15,_xll.XLL_CA_SET_INTERACTION_PARAMETERS_G(Start!$B$10,$B$4,$B$5,$B$9,2,$B$12),"Disabled") -> Disabled
A23: Calculation token | B23: =B12 -> 0
A25: Opening or recalculating the workbook does not call SET because Enable DAT writes is FALSE. For a deliberate derivative run, first use a fresh copy of Ca-Zn-O_optimization_working.dat, enable writes, run the Ribbon command, then set the gate back to FALSE.

Sheet Live targets
A1: Live thermodynamic target template
A2: Slag-liq is the entered phase. Blue target G values are illustrative and must be replaced by real measurements for research use.
B4: T, [C] | C4: P, [bar] | D4: IA | E4: IA | F4: IA | H4: G | I4: ERROR | J4: Residual = target - current | K4: Target G (illustrative) | M4: Entered phases
B5: "" | C5: "" | D5: "" | E5: "" | F5: "" | H5: Slag-liq | I5: "" | M5: Slag-liq
B6: "" | C6: "" | D6: Ca | E6: Zn | F6: O | H6: "" | I6: ""
B8: 1400 | C8: 1 | D8: 0.8 | E8: 0.2 | F8: 1 | H8: {=_xll.XLL_CA_CALCULATE(Start!$B$10,$B$4:$F$6,$B$8:$F$12,$H$4:$I$6,$M$5:$M$5,Parameters!$B$23)} -> -699151.32 | I8: 0 | J8: =IF(I8=0,K8-H8,NA()) -> -100848.68 | K8: -800000
B9: 1450 | C9: 1 | D9: 0.6 | E9: 0.4 | F9: 1 | H9: -661586.86 | I9: 0 | J9: =IF(I9=0,K9-H9,NA()) -> -188413.14 | K9: -850000
B10: 1500 | C10: 1 | D10: 0.4 | E10: 0.6 | F10: 1 | H10: -619128.74 | I10: 0 | J10: =IF(I10=0,K10-H10,NA()) -> -280871.26 | K10: -900000
B11: 1550 | C11: 1 | D11: 0.2 | E11: 0.8 | F11: 1 | H11: -569925.62 | I11: 0 | J11: =IF(I11=0,K11-H11,NA()) -> -380074.38 | K11: -950000
B12: 1600 | C12: 1 | D12: 1 | E12: 0 | F12: 1 | H12: -771243.26 | I12: 0 | J12: =IF(I12=0,K12-H12,NA()) -> 71243.265 | K12: -700000
A15: The residual sign is explicit: target minus current. ERROR = 0 permits a residual; any other status returns NA so a failed solve is not silently treated as zero.

Sheet Live regression
A1: Review the live derivative matrix
A4: Weight | B4: Residual | C4: d/dp1 | D4: d/dp2
A5: 1 | B5: ='Live targets'!J8 -> -100848.68 | C5: ='Derivative matrix setup'!D8 -> 0 | D5: ='Derivative matrix setup'!E8 -> 0
A6: 1 | B6: ='Live targets'!J9 -> -188413.14 | C6: ='Derivative matrix setup'!D9 -> 0 | D6: ='Derivative matrix setup'!E9 -> 0
A7: 1 | B7: ='Live targets'!J10 -> -280871.26 | C7: ='Derivative matrix setup'!D10 -> 0 | D7: ='Derivative matrix setup'!E10 -> 0
A8: 1 | B8: ='Live targets'!J11 -> -380074.38 | C8: ='Derivative matrix setup'!D11 -> 0 | D8: ='Derivative matrix setup'!E11 -> 0
A9: 1 | B9: ='Live targets'!J12 -> 71243.265 | C9: ='Derivative matrix setup'!D12 -> 0 | D9: ='Derivative matrix setup'!E12 -> 0
A12: Free mask | B12: TRUE | C12: TRUE
A13: Fixed values | B13: 0 | C13: 0
A15: Proposed Δp | B15: {=_xll.XLL_LINEAR_REGRESSION($C$5:$D$9,$B$5:$B$9,$A$5:$A$9,$B$12:$C$12,$B$13:$C$13)} -> 0 | C15: 0
A17: Best 1 parameter | B17: {=_xll.XLL_BEST_COMBINATION($C$5:$D$9,$B$5:$B$9,$A$5:$A$9,$B$12:$C$12,$B$13:$C$13,1)} -> 0 | C17: 0
A20: Damping α | B20: 0.25
A21: Suggested p1 = current + αΔp | B21: =Parameters!B8+$B$20*B15 -> -26652.08
A22: Suggested p2 = current + αΔp | B22: =Parameters!B9+$B$20*C15 -> 0
A25: Review and damp the proposed step before deliberately copying accepted values into Parameters. This workbook has no automatic circular optimizer and never changes parameter cells from its regression result.
