Workbook

Sheet Start
A1: PyroApp Example 01 — Getting Started (Ca-Zn-O)
A2: Runtime checks, DAT discovery, basis conversion, mesh generation, equilibrium tables, sweeps and phase targets.
A4: Before you calculate
A5: 1. Install/load PyroApp in desktop Excel.
A6: 2. Download Ca-Zn-O.dat and place it beside this workbook.
A7: 3. Blue cells are inputs; black cells are formulas; purple cells are controls.
A8: 4. The workbooks use literal text "" in unused CA_CALCULATE header cells (no leading equals sign).
A10: Datafile | B10: Ca-Zn-O.dat
A11: Download DAT | B11: Ca-Zn-O.dat
A12: Docs | B12: PyroApp documentation
A14: PyroApp status | B14: =IFERROR(_xll.XLL_CA_VERSION(),"PyroApp not loaded") -> 714

Sheet Runtime
A1: Runtime and licence information
A5: Version | B5: {=_xll.XLL_CA_VERSION()} -> 714
A6: Lite? | B6: {=_xll.XLL_CA_ISLITE()} -> FALSE
A7: User ID | B7: {=_xll.XLL_CA_USER_ID()} -> 0040
A8: Licence holder | B8: {=_xll.XLL_CA_LICENSE_HOLDER_NAME()} -> University
A9: Program ID | B9: {=_xll.XLL_CA_PROGRAM_ID()} -> CAFU
A10: Maximum dimensions | B10: {=_xll.XLL_CA_DIMENSIONS_MAX()} -> #VALUE!
A11: DLLs | B11: {=_xll.XLL_CA_CHEMAPPDLLS()} -> #VALUE!
A12: DAT dimensions | B12: {=_xll.XLL_CA_DIMENSIONS(Start!$B$10)} -> number_system_components | C12: 3
B13: number_phases | C13: 10
B14: number_phase_constituents | C14: 6

Sheet Explore
A1: Explore the datafile
A2: LIST functions return exact DAT identities.
A4: Components | C4: Phases | E4: Solutions | G4: Compounds | I4: Slag-liq constituents | K4: Slag-liq species
A5: {=_xll.XLL_CA_LIST_COMPONENTS(Start!$B$10)} -> Zn | C5: {=_xll.XLL_CA_LIST_PHASES(Start!$B$10)} -> Slag-liq | E5: {=_xll.XLL_CA_LIST_SOLUTIONS(Start!$B$10)} -> Slag-liq | G5: {=_xll.XLL_CA_LIST_COMPOUNDS(Start!$B$10)} -> CaO_Lime(s) | I5: {=_xll.XLL_CA_LIST_CONSTITUENTS(Start!$B$10,"Slag-liq")} -> CaO | K5: {=_xll.XLL_CA_LIST_SPECIES(Start!$B$10,"Slag-liq")} -> Ca | L5: 1
A6: Ca | C6: Monoxide | E6: Monoxide | G6: ZnO_Zincite(s) | I6: ZnO | K6: Zn | L6: 1
A7: O | C7: Zincite | E7: Zincite | G7: O2(g) | K7: O | L7: 2
C8: CaO_Lime(s) | G8: Ca_Solid_Alpha(s)
C9: ZnO_Zincite(s) | G9: Zn_solid(s)
C10: O2(g) | G10: CaO(s)
C11: Ca_Solid_Alpha(s) | G11: ZnO(s)
C12: Zn_solid(s)
C13: CaO(s)
C14: ZnO(s)
A26: Direct property lookups
A28: Zn molar mass | B28: {=_xll.XLL_CA_GET_COMPONENT_WEIGHTS(Start!$B$10,"Zn")} -> 65.38
A29: Ca molar mass | B29: {=_xll.XLL_CA_GET_COMPONENT_WEIGHTS(Start!$B$10,"Ca")} -> 40.078
A30: ZnO(s) H298 | B30: {=_xll.XLL_CA_GET_COMPOUND_H298(Start!$B$10,"ZnO(s)")} -> 0

Sheet Basis + utilities
A1: Composition-basis lab and mesh generation
A2: Each block has one clearly labelled conversion. Blue cells are inputs; the selected formula cell spills the converted composition.
A4: 1. One molar-fraction row: CaO + ZnO → elemental Ca, Zn, O | I4: Uniform simplex mesh
B5: CaO | C5: ZnO | E5: Ca | F5: Zn | G5: O | I5: nintervals | J5: 5
I6: nactive | J6: 2
A7: Input mole fractions | B7: 0.4 | C7: 0.6 | D7: Normalized elemental mole fractions | E7: {=_xll.XLL_DATA_CHANGE_BASIS($B$5:$C$5,$E$5:$G$5,$B$7:$C$7,FALSE,FALSE,TRUE)} -> 0.2 | F7: 0.3 | G7: 0.5 | I7: ntotal | J7: 3
I9: {=_xll.XLL_DATA_GENERATE_MESH($J$5,$J$6,$J$7)} -> 0 | J9: 1 | K9: 0
I10: 0.25 | J10: 0.75 | K10: 0
A11: 2. Multiple molar-fraction rows: CaO + ZnO → elemental fractions | I11: 0.5 | J11: 0.5 | K11: 0
I12: 0.75 | J12: 0.25 | K12: 0
A13: Input row | B13: CaO | C13: ZnO | D13: Ca | E13: Zn | F13: O | I13: 1 | J13: 0 | K13: 0
B14: 0 | C14: 1 | D14: {=_xll.XLL_DATA_CHANGE_BASIS($B$5:$C$5,$E$5:$G$5,$B$14:$C$24,FALSE,FALSE,TRUE)} -> 0 | E14: 0.5 | F14: 0.5 | I14: 0 | J14: 0 | K14: 1
B15: 0.1 | C15: 0.9 | D15: 0.05 | E15: 0.45 | F15: 0.5 | I15: 0.25 | J15: 0 | K15: 0.75
B16: 0.2 | C16: 0.8 | D16: 0.1 | E16: 0.4 | F16: 0.5 | I16: 0.5 | J16: 0 | K16: 0.5
B17: 0.3 | C17: 0.7 | D17: 0.15 | E17: 0.35 | F17: 0.5 | I17: 0.75 | J17: 0 | K17: 0.25
B18: 0.4 | C18: 0.6 | D18: 0.2 | E18: 0.3 | F18: 0.5 | I18: 1 | J18: 0 | K18: 0
B19: 0.5 | C19: 0.5 | D19: 0.25 | E19: 0.25 | F19: 0.5 | I19: 0 | J19: 0 | K19: 1
B20: 0.6 | C20: 0.4 | D20: 0.3 | E20: 0.2 | F20: 0.5 | I20: 0 | J20: 0.25 | K20: 0.75
B21: 0.7 | C21: 0.3 | D21: 0.35 | E21: 0.15 | F21: 0.5 | I21: 0 | J21: 0.5 | K21: 0.5
B22: 0.8 | C22: 0.2 | D22: 0.4 | E22: 0.1 | F22: 0.5 | I22: 0 | J22: 0.75 | K22: 0.25
B23: 0.9 | C23: 0.1 | D23: 0.45 | E23: 0.05 | F23: 0.5 | I23: 0 | J23: 1 | K23: 0
B24: 1 | C24: 0 | D24: 0.5 | E24: 0 | F24: 0.5
A27: 3. Molar amounts: CaO + ZnO → elemental Ca, Zn, O amounts
B28: CaO | C28: ZnO | E28: Ca | F28: Zn | G28: O
A30: Formula-unit amounts (mol) | B30: 2 | C30: 1 | D30: Element amounts (mol) | E30: {=_xll.XLL_DATA_CHANGE_BASIS($B$28:$C$28,$E$28:$G$28,$B$30:$C$30,FALSE,FALSE,FALSE)} -> 2 | F30: 1 | G30: 3
A34: 4. Mass amounts: CaO + ZnO → elemental mole amounts (not normalized)
B35: CaO | C35: ZnO | E35: Ca | F35: Zn | G35: O
A37: Mass amounts (g) | B37: 112.16 | C37: 81.38 | D37: Element amounts (mol) | E37: {=_xll.XLL_DATA_CHANGE_BASIS($B$35:$C$35,$E$35:$G$35,$B$37:$C$37,TRUE,FALSE,FALSE)} -> 2.0000927 | F37: 1.0000074 | G37: 3.0001001
A41: 5. Molar amounts: CaO + ZnO → normalized mass fractions
B42: CaO | C42: ZnO | E42: Ca | F42: Zn | G42: O
A44: Formula-unit amounts (mol) | B44: 2 | C44: 1 | D44: Element mass fractions | E44: {=_xll.XLL_DATA_CHANGE_BASIS($B$42:$C$42,$E$42:$G$42,$B$44:$C$44,FALSE,TRUE,TRUE)} -> 0.41416969 | F44: 0.33782143 | G44: 0.24800888

Sheet First equilibrium
A1: First equilibrium calculation
A2: One 50:50 CaO-ZnO composition at 1200 °C and 1 bar. The grey header rows use literal text "" where a phase or component is not needed.
B4: T, [C] | C4: P, [bar] | D4: IA | E4: IA | F4: IA | H4: A | I4: A | J4: A | K4: ERROR | L4: NSTABLE
B5: "" | C5: "" | D5: "" | E5: "" | F5: "" | H5: Slag-liq | I5: Monoxide | J5: Zincite | K5: "" | L5: ""
B6: "" | C6: "" | D6: Ca | E6: Zn | F6: O | H6: "" | I6: "" | J6: "" | K6: "" | L6: ""
B7: 1200 | C7: 1 | D7: 0.5 | E7: 0.5 | F7: 1 | H7: {=_xll.XLL_CA_CALCULATE(Start!$B$10,$B$4:$F$6,$B$7:$F$7,$H$4:$L$6)} -> 0 | I7: 0.5115302 | J7: 0.4884698 | K7: 0 | L7: 2
A10: Select H7 to read the complete formula in Excel’s Formula Bar. A zero ERROR result means the row solved successfully.

Sheet Equilibrium
A1: Equilibrium table
A2: Eleven independent CaO-ZnO compositions at 1200 °C and 1 bar.
B4: T, [C] | C4: P, [bar] | D4: IA | E4: IA | F4: IA | H4: T, [C] | I4: A | J4: A | K4: A | L4: XP | M4: ERROR | N4: NSTABLE
B5: "" | C5: "" | D5: "" | E5: "" | F5: "" | H5: "" | I5: Slag-liq | J5: Monoxide | K5: Zincite | L5: Slag-liq | M5: "" | N5: ""
B6: "" | C6: "" | D6: Ca | E6: Zn | F6: O | H6: "" | I6: "" | J6: "" | K6: "" | L6: Zn | M6: "" | N6: ""
B7: 1200 | C7: 1 | D7: 0 | E7: 1 | F7: 1 | H7: {=_xll.XLL_CA_CALCULATE(Start!$B$10,$B$4:$F$6,$B$7:$F$17,$H$4:$N$6)} -> 1200 | I7: 0 | J7: 0 | K7: 1 | L7: 0.5 | M7: 0 | N7: 2
B8: 1200 | C8: 1 | D8: 0.1 | E8: 0.9 | F8: 1 | H8: 1200 | I8: 0 | J8: 0.086605726 | K8: 0.91339427 | L8: 0.32619747 | M8: 0 | N8: 2
B9: 1200 | C9: 1 | D9: 0.2 | E9: 0.8 | F9: 1 | H9: 1200 | I9: 0 | J9: 0.19283684 | K9: 0.80716316 | L9: 0.32619747 | M9: 0 | N9: 2
B10: 1200 | C10: 1 | D10: 0.3 | E10: 0.7 | F10: 1 | H10: 1200 | I10: 0 | J10: 0.29906796 | K10: 0.70093204 | L10: 0.32619747 | M10: 0 | N10: 2
B11: 1200 | C11: 1 | D11: 0.4 | E11: 0.6 | F11: 1 | H11: 1200 | I11: 0 | J11: 0.40529908 | K11: 0.59470092 | L11: 0.32619747 | M11: 0 | N11: 2
B12: 1200 | C12: 1 | D12: 0.5 | E12: 0.5 | F12: 1 | H12: 1200 | I12: 0 | J12: 0.5115302 | K12: 0.4884698 | L12: 0.32619747 | M12: 0 | N12: 2
B13: 1200 | C13: 1 | D13: 0.6 | E13: 0.4 | F13: 1 | H13: 1200 | I13: 0 | J13: 0.61776132 | K13: 0.38223868 | L13: 0.32619747 | M13: 0 | N13: 2
B14: 1200 | C14: 1 | D14: 0.7 | E14: 0.3 | F14: 1 | H14: 1200 | I14: 0 | J14: 0.72399244 | K14: 0.27600756 | L14: 0.32619747 | M14: 0 | N14: 2
B15: 1200 | C15: 1 | D15: 0.8 | E15: 0.2 | F15: 1 | H15: 1200 | I15: 0 | J15: 0.83022356 | K15: 0.16977644 | L15: 0.32619747 | M15: 0 | N15: 2
B16: 1200 | C16: 1 | D16: 0.9 | E16: 0.1 | F16: 1 | H16: 1200 | I16: 0 | J16: 0.93645467 | K16: 0.063545325 | L16: 0.32619747 | M16: 0 | N16: 2
B17: 1200 | C17: 1 | D17: 1 | E17: 0 | F17: 1 | H17: 1200 | I17: 0 | J17: 0 | K17: 0 | L17: 0 | M17: 0 | N17: 2

Sheet Temperature sweep
A1: Temperature sweep
A2: 50:50 CaO-ZnO from 700 to 1800 °C.
B4: T, [C] | C4: P, [bar] | D4: IA | E4: IA | F4: IA | H4: T, [C] | I4: A | J4: A | K4: A | L4: ERROR | M4: NSTABLE
B5: "" | C5: "" | D5: "" | E5: "" | F5: "" | H5: "" | I5: Slag-liq | J5: Monoxide | K5: Zincite | L5: "" | M5: ""
B6: "" | C6: "" | D6: Ca | E6: Zn | F6: O | H6: "" | I6: "" | J6: "" | K6: "" | L6: "" | M6: ""
B7: 700 | C7: 1 | D7: 0.5 | E7: 0.5 | F7: 1 | H7: {=_xll.XLL_CA_CALCULATE(Start!$B$10,$B$4:$F$6,$B$7:$F$18,$H$4:$M$6)} -> 700 | I7: 0 | J7: 0.50012443 | K7: 0.49987557 | L7: 0 | M7: 2
B8: 800 | C8: 1 | D8: 0.5 | E8: 0.5 | F8: 1 | H8: 800 | I8: 0 | J8: 0.50044168 | K8: 0.49955832 | L8: 0 | M8: 2
B9: 900 | C9: 1 | D9: 0.5 | E9: 0.5 | F9: 1 | H9: 900 | I9: 0 | J9: 0.50119634 | K9: 0.49880366 | L9: 0 | M9: 2
B10: 1000 | C10: 1 | D10: 0.5 | E10: 0.5 | F10: 1 | H10: 1000 | I10: 0 | J10: 0.50277513 | K10: 0.49722487 | L10: 0 | M10: 2
B11: 1100 | C11: 1 | D11: 0.5 | E11: 0.5 | F11: 1 | H11: 1100 | I11: 0 | J11: 0.50583613 | K11: 0.49416387 | L11: 0 | M11: 2
B12: 1200 | C12: 1 | D12: 0.5 | E12: 0.5 | F12: 1 | H12: 1200 | I12: 0 | J12: 0.5115302 | K12: 0.4884698 | L12: 0 | M12: 2
B13: 1300 | C13: 1 | D13: 0.5 | E13: 0.5 | F13: 1 | H13: 1300 | I13: 0 | J13: 0.52196891 | K13: 0.47803109 | L13: 0 | M13: 2
B14: 1400 | C14: 1 | D14: 0.5 | E14: 0.5 | F14: 1 | H14: 1400 | I14: 0 | J14: 0.54122054 | K14: 0.45877946 | L14: 0 | M14: 2
B15: 1500 | C15: 1 | D15: 0.5 | E15: 0.5 | F15: 1 | H15: 1500 | I15: 0 | J15: 0.57677399 | K15: 0.42322601 | L15: 0 | M15: 2
B16: 1600 | C16: 1 | D16: 0.5 | E16: 0.5 | F16: 1 | H16: 1600 | I16: 0.72453375 | J16: 0.27546625 | K16: 0 | L16: 0 | M16: 2
B17: 1700 | C17: 1 | D17: 0.5 | E17: 0.5 | F17: 1 | H17: 1700 | I17: 0.79151193 | J17: 0.20848807 | K17: 0 | L17: 0 | M17: 2
B18: 1800 | C18: 1 | D18: 0.5 | E18: 0.5 | F18: 1 | H18: 1800 | I18: 0.85842827 | J18: 0.14157173 | K18: 0 | L18: 0 | M18: 2

Sheet Phase selection
A1: Phase selection
A2: The optional entered-phase range makes the selection explicit before the calculation is solved.
B4: T, [C] | C4: P, [bar] | D4: IA | E4: IA | F4: IA | H4: A | I4: A | J4: A | K4: ERROR | L4: NSTABLE | N4: Entered phases
B5: "" | C5: "" | D5: "" | E5: "" | F5: "" | H5: Slag-liq | I5: Monoxide | J5: Zincite | K5: "" | L5: "" | N5: Slag-liq
B6: "" | C6: "" | D6: Ca | E6: Zn | F6: O | H6: "" | I6: "" | J6: "" | K6: "" | L6: "" | N6: Monoxide
B7: 1200 | C7: 1 | D7: 0.5 | E7: 0.5 | F7: 1 | H7: {=_xll.XLL_CA_CALCULATE(Start!$B$10,$B$4:$F$6,$B$7:$F$7,$H$4:$L$6,$N$5:$N$6)} -> 0 | I7: 0.5115302 | J7: 0.4884698 | K7: 0 | L7: 2
A10: The entered range is intentionally visible. Change its phase names only when the physical model justifies restricting the phase set.

Sheet Phase target
A1: Formation-temperature target
A2: Solve T for Monoxide formation rather than scanning temperature.
B4: P, [bar] | C4: IA | D4: IA | E4: IA | F4: FORMATION | G4: TLOW | H4: THIGH | K4: T, [C] | L4: ERROR | M4: NSTABLE | N4: AC | P4: Entered phases
B5: "" | C5: "" | D5: "" | E5: "" | F5: "" | G5: "" | H5: "" | K5: "" | L5: "" | M5: "" | N5: Monoxide | P5: Slag-liq
B6: "" | C6: Ca | D6: Zn | E6: O | F6: "" | G6: "" | H6: "" | K6: "" | L6: "" | M6: "" | N6: "" | P6: Monoxide
B7: 1 | C7: 0.1 | D7: 0.9 | E7: 1 | F7: Monoxide | G7: 500 | H7: 2200 | K7: {=_xll.XLL_CA_CALCULATE(Start!$B$10,$B$4:$H$6,$B$7:$H$11,$K$4:$N$6,$P$5:$P$6)} -> 1534.6344 | L7: 0 | M7: 3 | N7: 1
B8: 1 | C8: 0.3 | D8: 0.7 | E8: 1 | F8: Monoxide | G8: 500 | H8: 2200 | K8: 1534.6344 | L8: 0 | M8: 3 | N8: 1
B9: 1 | C9: 0.5 | D9: 0.5 | E9: 1 | F9: Monoxide | G9: 500 | H9: 2200 | K9: 297.83806 | L9: 0 | M9: 4 | N9: 1
B10: 1 | C10: 0.7 | D10: 0.3 | E10: 1 | F10: Monoxide | G10: 500 | H10: 2200 | K10: 297.83806 | L10: 0 | M10: 4 | N10: 1
B11: 1 | C11: 0.9 | D11: 0.1 | E11: 1 | F11: Monoxide | G11: 500 | H11: 2200 | K11: 297.83806 | L11: 0 | M11: 4 | N11: 1
A14: This teaching target deliberately restricts the entered phases to Slag-liq + Monoxide. Real phase selection must match the physical problem.
